{"Total_Cost(USD)": [0.00015045, 0.0006208499999999999, 0.00014685, 0.00039435], "Total_Prompt_Tokens": [47, 363, 47, 353], "Total_Completion_Tokens": [239, 944, 233, 569], "Total_Tokens": [286, 1307, 280, 922]}